"station_id","num_bikes_available","is_charging_station","status","traffic","num_bikes_available_types.mechanical","num_bikes_available_types.ebike","num_docks_available","last_reported","is_installed","is_renting","is_returning","last_updated","ttl"
1,11,TRUE,"IN_SERVICE",NA,11,0,28,1785569441,1,1,1,1785569462,0
2,1,TRUE,"IN_SERVICE",NA,1,0,21,1785569388,1,1,1,1785569462,0
3,11,TRUE,"IN_SERVICE",NA,8,3,12,1785569333,1,1,1,1785569462,0
4,13,TRUE,"IN_SERVICE",NA,2,11,4,1785569423,1,1,1,1785569462,0
5,11,TRUE,"IN_SERVICE",NA,10,1,27,1785569321,1,1,1,1785569462,0
6,20,TRUE,"IN_SERVICE",NA,15,5,15,1785569297,1,1,1,1785569462,0
7,24,TRUE,"IN_SERVICE",NA,24,0,0,1785569360,1,1,1,1785569462,0
8,24,TRUE,"IN_SERVICE",NA,20,4,1,1785569413,1,1,1,1785569462,0
9,26,TRUE,"IN_SERVICE",NA,19,7,0,1785569332,1,1,1,1785569462,0
10,19,TRUE,"IN_SERVICE",NA,7,12,19,1785569439,1,1,1,1785569462,0
11,12,TRUE,"IN_SERVICE",NA,12,0,21,1785569353,1,1,1,1785569462,0
12,24,TRUE,"IN_SERVICE",NA,9,15,2,1785569300,1,1,1,1785569462,0
13,28,TRUE,"IN_SERVICE",NA,15,13,16,1785569349,1,1,1,1785569462,0
14,25,TRUE,"IN_SERVICE",NA,15,10,0,1785569427,1,1,1,1785569462,0
15,4,TRUE,"IN_SERVICE",NA,1,3,20,1785569407,1,1,1,1785569462,0
17,22,TRUE,"IN_SERVICE",NA,22,0,17,1785569395,1,1,1,1785569462,0
18,2,TRUE,"IN_SERVICE",NA,0,2,24,1785569354,1,1,1,1785569462,0
19,3,TRUE,"IN_SERVICE",NA,1,2,22,1785569351,1,1,1,1785569462,0
20,1,TRUE,"IN_SERVICE",NA,0,1,16,1785569289,1,1,1,1785569462,0
21,9,TRUE,"IN_SERVICE",NA,1,8,10,1785569419,1,1,1,1785569462,0
